timeStamp,elapsed,label,responseCode,responseMessage,threadName,dataType,success,failureMessage,bytes,sentBytes,grpThreads,allThreads,URL,Latency,IdleTime,Connect
1707674215945,1142,createUser,201,Created,Thread Group 1-1,text,true,,1223,539,11,11,https://gorest.co.in/public/v2/users,1142,0,227
1707674216051,1130,createUser,201,Created,Thread Group 1-2,text,true,,1219,537,11,11,https://gorest.co.in/public/v2/users,1130,0,135
1707674216165,1040,createUser,201,Created,Thread Group 1-3,text,true,,1219,537,10,10,https://gorest.co.in/public/v2/users,1040,0,137
1707674216270,1016,createUser,201,Created,Thread Group 1-4,text,true,,1215,537,10,10,https://gorest.co.in/public/v2/users,1016,0,116
1707674216381,1085,createUser,201,Created,Thread Group 1-5,text,true,,1222,538,10,10,https://gorest.co.in/public/v2/users,1085,0,130
1707674216492,980,createUser,201,Created,Thread Group 1-6,text,true,,1220,536,9,9,https://gorest.co.in/public/v2/users,980,0,110
1707674216604,979,createUser,201,Created,Thread Group 1-7,text,true,,1216,538,9,9,https://gorest.co.in/public/v2/users,979,0,109
1707674216715,1050,createUser,201,Created,Thread Group 1-8,text,true,,1224,538,10,10,https://gorest.co.in/public/v2/users,1050,0,125
1707674216830,1086,createUser,201,Created,Thread Group 1-9,text,true,,1216,536,10,10,https://gorest.co.in/public/v2/users,1086,0,135
1707674217491,515,createUser,201,Created,Thread Group 1-15,text,true,,1223,539,10,10,https://gorest.co.in/public/v2/users,515,0,111
1707674216949,1121,createUser,201,Created,Thread Group 1-10,text,true,,1223,537,10,10,https://gorest.co.in/public/v2/users,1121,0,119
1707674217050,1103,createUser,201,Created,Thread Group 1-11,text,true,,1220,534,9,9,https://gorest.co.in/public/v2/users,1103,0,114
1707674217163,1002,createUser,201,Created,Thread Group 1-12,text,true,,1218,538,9,9,https://gorest.co.in/public/v2/users,1002,0,114
1707674217715,568,createUser,201,Created,Thread Group 1-17,text,true,,1225,537,9,9,https://gorest.co.in/public/v2/users,568,0,109
1707674217272,1046,createUser,201,Created,Thread Group 1-13,text,true,,1217,537,8,8,https://gorest.co.in/public/v2/users,1046,0,113
1707674217381,1009,createUser,201,Created,Thread Group 1-14,text,true,,1224,537,8,8,https://gorest.co.in/public/v2/users,1009,0,108
1707674217603,1042,createUser,201,Created,Thread Group 1-16,text,true,,1225,538,9,9,https://gorest.co.in/public/v2/users,1042,0,108
1707674218159,584,createUser,201,Created,Thread Group 1-21,text,true,,1230,537,9,9,https://gorest.co.in/public/v2/users,583,0,127
1707674218272,593,createUser,201,Created,Thread Group 1-22,text,true,,1223,538,9,9,https://gorest.co.in/public/v2/users,593,0,138
1707674218383,516,createUser,201,Created,Thread Group 1-23,text,true,,1225,538,8,8,https://gorest.co.in/public/v2/users,516,0,117
1707674217825,1078,createUser,201,Created,Thread Group 1-18,text,true,,1229,538,7,7,https://gorest.co.in/public/v2/users,1078,0,112
1707674217935,1074,createUser,201,Created,Thread Group 1-19,text,true,,1221,536,7,7,https://gorest.co.in/public/v2/users,1073,0,131
1707674218053,1033,createUser,201,Created,Thread Group 1-20,text,true,,1225,540,7,7,https://gorest.co.in/public/v2/users,1033,0,124
1707674218605,669,createUser,201,Created,Thread Group 1-25,text,true,,1222,537,8,8,https://gorest.co.in/public/v2/users,669,0,123
1707674218492,1035,createUser,201,Created,Thread Group 1-24,text,true,,1217,538,9,9,https://gorest.co.in/public/v2/users,1035,0,116
1707674218717,1061,createUser,201,Created,Thread Group 1-26,text,true,,1222,537,10,10,https://gorest.co.in/public/v2/users,1061,0,129
1707674219267,514,createUser,201,Created,Thread Group 1-31,text,true,,1226,533,9,9,https://gorest.co.in/public/v2/users,514,0,121
1707674218825,1041,createUser,201,Created,Thread Group 1-27,text,true,,1217,538,9,9,https://gorest.co.in/public/v2/users,1041,0,111
1707674218934,1008,createUser,201,Created,Thread Group 1-28,text,true,,1222,539,9,9,https://gorest.co.in/public/v2/users,1007,0,123
1707674219046,1369,createUser,201,Created,Thread Group 1-29,text,true,,1221,538,12,12,https://gorest.co.in/public/v2/users,1369,0,115
1707674219379,1089,createUser,201,Created,Thread Group 1-32,text,true,,1214,535,11,11,https://gorest.co.in/public/v2/users,1089,0,123
1707674219159,1384,createUser,201,Created,Thread Group 1-30,text,true,,1223,538,11,11,https://gorest.co.in/public/v2/users,1384,0,120
1707674219488,1057,createUser,201,Created,Thread Group 1-33,text,true,,1229,538,10,10,https://gorest.co.in/public/v2/users,1057,0,121
1707674220047,576,createUser,201,Created,Thread Group 1-38,text,true,,1227,538,10,10,https://gorest.co.in/public/v2/users,576,0,119
1707674219604,1069,createUser,201,Created,Thread Group 1-34,text,true,,1221,538,9,9,https://gorest.co.in/public/v2/users,1069,0,127
1707674220267,541,createUser,201,Created,Thread Group 1-40,text,true,,1219,538,9,9,https://gorest.co.in/public/v2/users,541,0,113
1707674219824,1062,createUser,201,Created,Thread Group 1-36,text,true,,1222,539,9,9,https://gorest.co.in/public/v2/users,1062,0,120
1707674219717,1223,createUser,201,Created,Thread Group 1-35,text,true,,1228,539,9,9,https://gorest.co.in/public/v2/users,1223,0,125
1707674219933,1119,createUser,201,Created,Thread Group 1-37,text,true,,1227,538,9,9,https://gorest.co.in/public/v2/users,1118,0,112
1707674220156,1047,createUser,201,Created,Thread Group 1-39,text,true,,1222,539,9,9,https://gorest.co.in/public/v2/users,1047,0,117
1707674220710,540,createUser,201,Created,Thread Group 1-44,text,true,,1226,539,8,8,https://gorest.co.in/public/v2/users,540,0,107
1707674220377,1042,createUser,201,Created,Thread Group 1-41,text,true,,1221,538,9,9,https://gorest.co.in/public/v2/users,1042,0,115
1707674220821,600,createUser,201,Created,Thread Group 1-45,text,true,,1218,537,8,8,https://gorest.co.in/public/v2/users,600,0,116
1707674220932,569,createUser,201,Created,Thread Group 1-46,text,true,,1228,537,8,8,https://gorest.co.in/public/v2/users,569,0,115
1707674220489,1023,createUser,201,Created,Thread Group 1-42,text,true,,1220,539,7,7,https://gorest.co.in/public/v2/users,1023,0,112
1707674220601,1026,createUser,201,Created,Thread Group 1-43,text,true,,1223,538,7,7,https://gorest.co.in/public/v2/users,1026,0,108
1707674221045,605,createUser,201,Created,Thread Group 1-47,text,true,,1217,538,6,6,https://gorest.co.in/public/v2/users,605,0,110
1707674221156,506,createUser,201,Created,Thread Group 1-48,text,true,,1215,538,5,5,https://gorest.co.in/public/v2/users,506,0,111
1707674221377,490,createUser,201,Created,Thread Group 1-50,text,true,,1215,538,6,6,https://gorest.co.in/public/v2/users,490,0,114
1707674221490,527,createUser,201,Created,Thread Group 1-51,text,true,,1219,538,6,6,https://gorest.co.in/public/v2/users,527,0,117
1707674221601,497,createUser,201,Created,Thread Group 1-52,text,true,,1223,538,6,6,https://gorest.co.in/public/v2/users,496,0,115
1707674221710,521,createUser,201,Created,Thread Group 1-53,text,true,,1227,538,6,6,https://gorest.co.in/public/v2/users,521,0,108
1707674221267,1013,createUser,201,Created,Thread Group 1-49,text,true,,1230,537,6,6,https://gorest.co.in/public/v2/users,1012,0,115
1707674221820,527,createUser,201,Created,Thread Group 1-54,text,true,,1229,538,5,5,https://gorest.co.in/public/v2/users,527,0,119
1707674221933,513,createUser,201,Created,Thread Group 1-55,text,true,,1229,538,5,5,https://gorest.co.in/public/v2/users,513,0,132
1707674222048,504,createUser,201,Created,Thread Group 1-56,text,true,,1220,537,5,5,https://gorest.co.in/public/v2/users,504,0,125
1707674222268,553,createUser,201,Created,Thread Group 1-58,text,true,,1221,536,7,7,https://gorest.co.in/public/v2/users,552,0,130
1707674222381,624,createUser,201,Created,Thread Group 1-59,text,true,,1218,539,7,7,https://gorest.co.in/public/v2/users,624,0,112
1707674222598,509,createUser,201,Created,Thread Group 1-61,text,true,,1220,537,7,7,https://gorest.co.in/public/v2/users,509,0,125
1707674222154,1033,createUser,201,Created,Thread Group 1-57,text,true,,1224,535,7,7,https://gorest.co.in/public/v2/users,1033,0,126
1707674222820,514,createUser,201,Created,Thread Group 1-63,text,true,,1220,537,7,7,https://gorest.co.in/public/v2/users,514,0,132
1707674222485,1103,createUser,201,Created,Thread Group 1-60,text,true,,1227,538,8,8,https://gorest.co.in/public/v2/users,1103,0,115
1707674223153,499,createUser,201,Created,Thread Group 1-66,text,true,,1224,539,8,8,https://gorest.co.in/public/v2/users,499,0,111
1707674223264,488,createUser,201,Created,Thread Group 1-67,text,true,,1224,539,8,8,https://gorest.co.in/public/v2/users,488,0,116
1707674222713,1039,createUser,201,Created,Thread Group 1-62,text,true,,1221,538,8,8,https://gorest.co.in/public/v2/users,1039,0,117
1707674222931,1030,createUser,201,Created,Thread Group 1-64,text,true,,1227,538,8,8,https://gorest.co.in/public/v2/users,1030,0,124
1707674223044,1062,createUser,201,Created,Thread Group 1-65,text,true,,1222,539,8,8,https://gorest.co.in/public/v2/users,1062,0,112
1707674223600,523,createUser,201,Created,Thread Group 1-70,text,true,,1227,540,7,7,https://gorest.co.in/public/v2/users,523,0,129
1707674223712,586,createUser,201,Created,Thread Group 1-71,text,true,,1224,539,8,8,https://gorest.co.in/public/v2/users,586,0,126
1707674223823,572,createUser,201,Created,Thread Group 1-72,text,true,,1227,538,8,8,https://gorest.co.in/public/v2/users,571,0,118
1707674223374,1085,createUser,201,Created,Thread Group 1-68,text,true,,1218,535,7,7,https://gorest.co.in/public/v2/users,1085,0,112
1707674223485,1031,createUser,201,Created,Thread Group 1-69,text,true,,1222,539,7,7,https://gorest.co.in/public/v2/users,1031,0,117
1707674224041,582,createUser,201,Created,Thread Group 1-74,text,true,,1224,539,7,7,https://gorest.co.in/public/v2/users,582,0,152
1707674224388,596,createUser,201,Created,Thread Group 1-77,text,true,,1221,538,9,9,https://gorest.co.in/public/v2/users,596,0,134
1707674224484,523,createUser,201,Created,Thread Group 1-78,text,true,,1222,539,8,8,https://gorest.co.in/public/v2/users,523,0,139
1707674223930,1150,createUser,201,Created,Thread Group 1-73,text,true,,1218,539,8,8,https://gorest.co.in/public/v2/users,1150,0,118
1707674224595,607,createUser,201,Created,Thread Group 1-79,text,true,,1225,538,8,8,https://gorest.co.in/public/v2/users,607,0,110
1707674224152,1097,createUser,201,Created,Thread Group 1-75,text,true,,1222,537,7,7,https://gorest.co.in/public/v2/users,1097,0,153
1707674224269,1047,createUser,201,Created,Thread Group 1-76,text,true,,1219,538,7,7,https://gorest.co.in/public/v2/users,1047,0,148
1707674224710,689,createUser,201,Created,Thread Group 1-80,text,true,,1220,537,7,7,https://gorest.co.in/public/v2/users,689,0,147
1707674224931,495,createUser,201,Created,Thread Group 1-82,text,true,,1225,538,6,6,https://gorest.co.in/public/v2/users,495,0,113
1707674224821,655,createUser,201,Created,Thread Group 1-81,text,true,,1231,540,5,5,https://gorest.co.in/public/v2/users,655,0,137
1707674225040,516,createUser,201,Created,Thread Group 1-83,text,true,,1227,538,5,5,https://gorest.co.in/public/v2/users,516,0,145
1707674225151,570,createUser,201,Created,Thread Group 1-84,text,true,,1220,537,6,6,https://gorest.co.in/public/v2/users,570,0,136
1707674225261,569,createUser,201,Created,Thread Group 1-85,text,true,,1221,538,6,6,https://gorest.co.in/public/v2/users,569,0,109
1707674225372,609,createUser,201,Created,Thread Group 1-86,text,true,,1227,536,5,5,https://gorest.co.in/public/v2/users,609,0,149
1707674225485,583,createUser,201,Created,Thread Group 1-87,text,true,,1221,536,4,4,https://gorest.co.in/public/v2/users,583,0,131
1707674225594,569,createUser,201,Created,Thread Group 1-88,text,true,,1228,537,3,3,https://gorest.co.in/public/v2/users,569,0,132
1707674225708,562,createUser,201,Created,Thread Group 1-89,text,true,,1222,539,2,2,https://gorest.co.in/public/v2/users,562,0,134
1707674225818,548,createUser,201,Created,Thread Group 1-90,text,true,,1215,537,1,1,https://gorest.co.in/public/v2/users,548,0,142
